Date,AAPL,GOOGL,MSFT,SPY
2018-01-02 00:00:00+00:00,40.52434158325195,53.5279541015625,79.79293060302734,240.80152893066406
2018-01-03 00:00:00+00:00,40.51728057861328,54.44119644165039,80.16425323486328,242.32464599609375
2018-01-04 00:00:00+00:00,40.70549011230469,54.65266799926758,80.86982727050781,243.34603881835938
2018-01-05 00:00:00+00:00,41.1689338684082,55.377376556396484,81.87244415283203,244.9676971435547
2018-01-08 00:00:00+00:00,41.016021728515625,55.57289123535156,81.95601654052734,245.41563415527344
2018-01-09 00:00:00+00:00,41.01131820678711,55.50206756591797,81.9002914428711,245.97113037109375
2018-01-10 00:00:00+00:00,41.001895904541016,55.36989212036133,81.52893829345703,245.59478759765625
2018-01-11 00:00:00+00:00,41.234798431396484,55.46516036987305,81.77033996582031,247.3866424560547
2018-01-12 00:00:00+00:00,41.66061019897461,56.39286422729492,83.18146514892578,248.99935913085938
2018-01-16 00:00:00+00:00,41.448875427246094,56.395355224609375,82.02098846435547,248.14820861816406
2018-01-17 00:00:00+00:00,42.13347625732422,56.8143196105957,83.68277740478516,250.5135498046875
2018-01-18 00:00:00+00:00,42.17110824584961,56.658203125,83.6456298828125,250.09242248535156
2018-01-19 00:00:00+00:00,41.98291015625,57.033775329589844,83.55278778076172,251.230224609375
2018-01-22 00:00:00+00:00,41.63943862915039,58.06422424316406,85.04744720458984,253.2730255126953
2018-01-23 00:00:00+00:00,41.64884948730469,58.663238525390625,85.31668853759766,253.81053161621094
2018-01-24 00:00:00+00:00,40.985443115234375,58.41984176635742,85.24241638183594,253.7120361328125
2018-01-25 00:00:00+00:00,40.25379943847656,58.96099853515625,85.71588134765625,253.81947326660156
2018-01-26 00:00:00+00:00,40.347896575927734,59.23133087158203,87.32194519042969,256.7582702636719
2018-01-29 00:00:00+00:00,39.512760162353516,59.177467346191406,87.19197845458984,255.0559539794922
2018-01-30 00:00:00+00:00,39.27987289428711,58.72309112548828,86.09651947021484,252.43980407714844
2018-01-31 00:00:00+00:00,39.38808059692383,58.96499252319336,88.20390319824219,252.565185546875
2018-02-01 00:00:00+00:00,39.47040939331055,58.933570861816406,87.50761413574219,252.27845764160156
2018-02-02 00:00:00+00:00,37.757789611816406,55.821773529052734,85.20528411865234,246.7864227294922
2018-02-05 00:00:00+00:00,36.81443405151367,52.9882926940918,81.69607543945312,236.46517944335938
2018-02-06 00:00:00+00:00,38.35297393798828,54.08757400512695,84.78750610351562,241.12408447265625
2018-02-07 00:00:00+00:00,37.531951904296875,52.64015579223633,83.19075012207031,239.8160400390625
2018-02-08 00:00:00+00:00,36.49919128417969,50.26104736328125,78.92024993896484,230.82073974609375
2018-02-09 00:00:00+00:00,36.94564437866211,52.18428421020508,81.8631591796875,234.28802490234375
2018-02-12 00:00:00+00:00,38.433753967285156,52.59775924682617,82.74510955810547,237.7284698486328
2018-02-13 00:00:00+00:00,38.818782806396484,52.576812744140625,83.39497375488281,238.31976318359375
2018-02-14 00:00:00+00:00,39.53449630737305,53.50251770019531,84.7007827758789,241.53622436523438
2018-02-15 00:00:00+00:00,40.862003326416016,54.43321228027344,86.42633819580078,244.61822509765625
2018-02-16 00:00:00+00:00,40.72972106933594,54.63970184326172,85.81072998046875,244.68988037109375
2018-02-20 00:00:00+00:00,40.592716217041016,55.04320526123047,86.48230743408203,243.1578369140625
2018-02-21 00:00:00+00:00,40.408485412597656,55.549949645996094,85.33502197265625,241.94833374023438
2018-02-22 00:00:00+00:00,40.74626159667969,55.35792541503906,85.55889129638672,242.26190185546875
2018-02-23 00:00:00+00:00,41.45488739013672,56.26517868041992,87.7321548461914,246.12339782714844
2018-02-26 00:00:00+00:00,42.27454376220703,57.04375076293945,89.00064849853516,248.98138427734375
2018-02-27 00:00:00+00:00,42.137535095214844,55.73748779296875,87.86270141601562,245.87258911132812
2018-02-28 00:00:00+00:00,42.07374572753906,55.059661865234375,87.4616470336914,243.38185119628906
2018-03-01 00:00:00+00:00,41.336788177490234,53.438175201416016,86.60354614257812,239.8428497314453
2018-03-02 00:00:00+00:00,41.62260437011719,54.0731086730957,86.79010009765625,241.07925415039062
2018-03-05 00:00:00+00:00,41.76668167114258,54.60279083251953,87.34040069580078,243.86570739746094
2018-03-06 00:00:00+00:00,41.73124694824219,54.909034729003906,87.04192352294922,244.48374938964844
2018-03-07 00:00:00+00:00,41.343868255615234,55.614288330078125,87.54560089111328,244.39422607421875
2018-03-08 00:00:00+00:00,41.79502487182617,56.32952117919922,88.0772705078125,245.57687377929688
2018-03-09 00:00:00+00:00,42.51311492919922,57.89863204956055,90.04529571533203,249.8505401611328
2018-03-12 00:00:00+00:00,42.924110412597656,58.15250778198242,90.25982666015625,249.53692626953125
2018-03-13 00:00:00+00:00,42.51075744628906,56.85471725463867,88.05860900878906,247.92422485351562
2018-03-14 00:00:00+00:00,42.14934539794922,57.302608489990234,87.53627014160156,246.65199279785156
2018-03-15 00:00:00+00:00,42.19894790649414,57.38839340209961,87.84408569335938,246.38319396972656
2018-03-16 00:00:00+00:00,42.050140380859375,56.580894470214844,88.2358169555664,246.650390625
2018-03-19 00:00:00+00:00,41.40764617919922,54.86764144897461,86.64083862304688,243.3131561279297
2018-03-20 00:00:00+00:00,41.39347457885742,54.654666900634766,86.86470031738281,243.7269744873047
2018-03-21 00:00:00+00:00,40.45571517944336,54.56489181518555,86.2584457397461,243.25917053222656
2018-03-22 00:00:00+00:00,39.884098052978516,52.527435302734375,83.74940490722656,237.17845153808594
2018-03-23 00:00:00+00:00,38.96051788330078,51.20071792602539,81.31499481201172,232.123046875
2018-03-26 00:00:00+00:00,40.810035705566406,52.57431411743164,87.47096252441406,238.47369384765625
2018-03-27 00:00:00+00:00,39.76361846923828,50.22264099121094,83.45092010498047,234.41683959960938
2018-03-28 00:00:00+00:00,39.32426834106445,50.134857177734375,83.37631225585938,233.7241668701172
2018-03-29 00:00:00+00:00,39.63134002685547,51.72890853881836,85.12982940673828,236.7106170654297
2018-04-02 00:00:00+00:00,39.371517181396484,50.50643539428711,82.5648422241211,231.6012725830078
2018-04-03 00:00:00+00:00,39.77543640136719,50.808189392089844,83.67477416992188,234.56973266601562
2018-04-04 00:00:00+00:00,40.5360221862793,51.35832977294922,86.11853790283203,237.0794219970703
2018-04-05 00:00:00+00:00,40.81711959838867,51.50446701049805,86.1651611328125,238.95045471191406
2018-04-06 00:00:00+00:00,39.77308654785156,50.372772216796875,84.15980529785156,233.62525939941406
2018-04-09 00:00:00+00:00,40.16754913330078,50.878517150878906,84.66346740722656,234.77662658691406
2018-04-10 00:00:00+00:00,40.92341995239258,51.696990966796875,86.63153076171875,238.50962829589844
2018-04-11 00:00:00+00:00,40.73208999633789,51.12640380859375,85.68014526367188,237.2593536376953
2018-04-12 00:00:00+00:00,41.133636474609375,51.73638916015625,87.28443145751953,239.21128845214844
2018-04-13 00:00:00+00:00,41.27301788330078,51.67404556274414,86.81805419921875,238.50962829589844
2018-04-16 00:00:00+00:00,41.53047180175781,52.17580795288086,87.83475494384766,240.47064208984375
2018-04-17 00:00:00+00:00,42.102115631103516,53.83469772338867,89.60693359375,243.04331970214844
2018-04-18 00:00:00+00:00,42.00761795043945,53.63668441772461,89.9520492553711,243.22325134277344
2018-04-19 00:00:00+00:00,40.81711959838867,54.337947845458984,89.64421844482422,241.8739013671875
2018-04-20 00:00:00+00:00,39.14474105834961,53.732948303222656,88.60890197753906,239.82293701171875
2018-04-23 00:00:00+00:00,39.0313720703125,53.55788040161133,88.93537139892578,239.7870330810547
2018-04-24 00:00:00+00:00,38.48809051513672,51.00570297241211,86.85539245605469,236.5576934814453
2018-04-25 00:00:00+00:00,38.655792236328125,51.023162841796875,86.09986877441406,237.14242553710938
2018-04-26 00:00:00+00:00,38.79043960571289,52.03664779663086,87.91868591308594,239.5531463623047
2018-04-27 00:00:00+00:00,38.34162521362305,51.44511413574219,89.37374877929688,239.77798461914062
2018-04-30 00:00:00+00:00,39.03609085083008,50.80320358276367,87.22845458984375,237.93402099609375
2018-05-01 00:00:00+00:00,39.943145751953125,51.90896224975586,88.60890197753906,238.3567657470703
2018-05-02 00:00:00+00:00,41.707645416259766,51.17578125,87.21915435791016,236.75559997558594
2018-05-03 00:00:00+00:00,41.78322219848633,51.18824768066406,87.74144744873047,236.2338409423828
2018-05-04 00:00:00+00:00,43.422515869140625,52.42020034790039,88.75814819335938,239.29226684570312
2018-05-07 00:00:00+00:00,43.73668670654297,52.84215545654297,89.74683380126953,240.1018524169922
2018-05-08 00:00:00+00:00,43.9468994140625,52.798763275146484,89.36439514160156,240.1018524169922
2018-05-09 00:00:00+00:00,44.2563362121582,54.313011169433594,90.41839599609375,242.42259216308594
2018-05-10 00:00:00+00:00,44.88938522338867,55.13697052001953,91.32313537597656,244.68936157226562
2018-05-11 00:00:00+00:00,44.71864700317383,55.03273010253906,91.12725067138672,245.4360809326172
2018-05-14 00:00:00+00:00,44.61433029174805,55.19333267211914,91.43505096435547,245.55296325683594
2018-05-15 00:00:00+00:00,44.20885467529297,54.10951614379883,90.7728500366211,243.86184692382812
2018-05-16 00:00:00+00:00,44.621429443359375,54.07061004638672,91.00702667236328,244.8873291015625
2018-05-17 00:00:00+00:00,44.339263916015625,53.92946243286133,90.09835815429688,244.68045043945312
2018-05-18 00:00:00+00:00,44.178016662597656,53.34989547729492,90.2669677734375,244.0687713623047
2018-05-21 00:00:00+00:00,44.49101638793945,54.06662368774414,91.42855072021484,245.9037322998047
2018-05-22 00:00:00+00:00,44.379581451416016,53.63269805908203,91.33489990234375,245.22015380859375
2018-05-23 00:00:00+00:00,44.66411209106445,54.163883209228516,92.42154693603516,245.8946990966797
2018-05-24 00:00:00+00:00,44.61433029174805,54.13844299316406,92.09365844726562,245.3910369873047
2018-05-25 00:00:00+00:00,44.71627426147461,54.07011413574219,92.14051055908203,244.8063507080078
2018-05-29 00:00:00+00:00,44.55503463745117,53.27158737182617,91.81263732910156,241.9908447265625
2018-05-30 00:00:00+00:00,44.46018600463867,53.74042892456055,92.69319152832031,245.22015380859375
2018-05-31 00:00:00+00:00,44.3108024597168,54.8641471862793,92.59015655517578,243.7179412841797
2018-06-01 00:00:00+00:00,45.10990905761719,56.609825134277344,94.41686248779297,246.11068725585938
2018-06-04 00:00:00+00:00,45.486934661865234,57.50959777832031,95.24119567871094,247.27996826171875
2018-06-05 00:00:00+00:00,45.83786392211914,57.408843994140625,95.72833251953125,247.45999145507812
2018-06-06 00:00:00+00:00,45.99673080444336,57.205848693847656,96.00934600830078,249.52890014648438
2018-06-07 00:00:00+00:00,45.873443603515625,56.580894470214844,94.50115966796875,249.50193786621094
2018-06-08 00:00:00+00:00,45.456092834472656,56.495609283447266,95.2037353515625,250.23953247070312
2018-06-11 00:00:00+00:00,45.34465026855469,56.90409469604492,94.66043090820312,250.5723419189453
2018-06-12 00:00:00+00:00,45.593631744384766,57.267696380615234,94.90397644042969,250.89617919921875
2018-06-13 00:00:00+00:00,45.21897888183594,57.07018280029297,94.47306823730469,250.0956268310547
2018-06-14 00:00:00+00:00,45.24270248413086,57.86222457885742,95.00701904296875,250.72531127929688
2018-06-15 00:00:00+00:00,44.77792739868164,57.82032775878906,93.79856872558594,250.40541076660156
2018-06-18 00:00:00+00:00,44.75423049926758,59.0328254699707,94.4824447631836,249.8903350830078
2018-06-19 00:00:00+00:00,44.031005859375,58.7889289855957,94.4824447631836,248.9326171875
2018-06-20 00:00:00+00:00,44.22307205200195,59.0572624206543,95.42855072021484,249.35728454589844
2018-06-21 00:00:00+00:00,43.97648239135742,58.327571868896484,94.7447280883789,247.79408264160156
2018-06-22 00:00:00+00:00,43.848426818847656,58.320091247558594,94.06088256835938,248.24586486816406
2018-06-25 00:00:00+00:00,43.19633865356445,56.82329559326172,92.1686019897461,244.86660766601562
2018-06-26 00:00:00+00:00,43.73223876953125,56.49111557006836,92.81497955322266,245.40867614746094
2018-06-27 00:00:00+00:00,43.668212890625,55.70905685424805,91.37234497070312,243.37570190429688
2018-06-28 00:00:00+00:00,43.9859504699707,56.1998405456543,92.39344024658203,244.7671661376953
2018-06-29 00:00:00+00:00,43.89347457885742,56.32004165649414,92.37469482421875,245.1195068359375
2018-07-02 00:00:00+00:00,44.38431930541992,56.964447021484375,93.6861572265625,245.64358520507812
2018-07-03 00:00:00+00:00,43.611305236816406,55.6761360168457,92.78688049316406,244.776123046875
2018-07-05 00:00:00+00:00,43.96224594116211,56.923545837402344,93.45198822021484,246.7730255126953
2018-07-06 00:00:00+00:00,44.57164001464844,57.61134719848633,94.76346588134766,248.86032104492188
2018-07-09 00:00:00+00:00,45.190521240234375,58.2198371887207,95.40984344482422,251.10116577148438
2018-07-10 00:00:00+00:00,45.13599395751953,58.21285629272461,95.66275024414062,252.00473022460938
2018-07-11 00:00:00+00:00,44.550296783447266,58.42832565307617,95.53163146972656,250.1614227294922
2018-07-12 00:00:00+00:00,45.297237396240234,59.914642333984375,97.60187530517578,252.42933654785156
2018-07-13 00:00:00+00:00,45.368370056152344,60.0722541809082,98.7634506225586,252.6281280517578
2018-07-16 00:00:00+00:00,45.26877975463867,59.677730560302734,98.2763442993164,252.40228271484375
2018-07-17 00:00:00+00:00,45.39682388305664,60.50418472290039,99.25057220458984,253.42332458496094
2018-07-18 00:00:00+00:00,45.14784240722656,60.49570083618164,98.47306823730469,253.9563751220703
2018-07-19 00:00:00+00:00,45.498779296875,59.80691146850586,97.79859161376953,252.99859619140625
2018-07-20 00:00:00+00:00,45.39445114135742,59.74605941772461,99.55033874511719,252.70941162109375
2018-07-23 00:00:00+00:00,45.43476104736328,60.40044021606445,101.14286041259766,253.17933654785156
2018-07-24 00:00:00+00:00,45.764366149902344,62.75211715698242,100.85245513916016,254.45339965820312
2018-07-25 00:00:00+00:00,46.195919036865234,63.63941955566406,103.82201385498047,256.6219482421875
2018-07-26 00:00:00+00:00,46.05128479003906,64.11624145507812,102.68852996826172,256.0165710449219
2018-07-27 00:00:00+00:00,45.28537368774414,62.48976516723633,100.87117004394531,254.28172302246094
2018-07-30 00:00:00+00:00,45.03166580200195,61.3500862121582,98.7072525024414,252.95343017578125
2018-07-31 00:00:00+00:00,45.12175750732422,61.209434509277344,99.37235260009766,254.20034790039062
2018-08-01 00:00:00+00:00,47.7798957824707,61.497222900390625,99.55973815917969,253.7756805419922
2018-08-02 00:00:00+00:00,49.17653274536133,61.90321731567383,100.76814270019531,255.158203125
2018-08-03 00:00:00+00:00,49.318817138671875,61.75508499145508,101.20842742919922,256.25146484375
2018-08-06 00:00:00+00:00,49.57490158081055,61.73064422607422,101.292724609375,257.1911926269531
2018-08-07 00:00:00+00:00,49.110145568847656,62.63690185546875,101.99530029296875,258.04052734375
2018-08-08 00:00:00+00:00,49.143341064453125,62.91072463989258,102.56674194335938,257.9321594238281
2018-08-09 00:00:00+00:00,49.52984619140625,63.066837310791016,102.73536682128906,257.5796813964844
2018-08-10 00:00:00+00:00,49.38230895996094,62.47080993652344,102.10772705078125,255.85391235351562
2018-08-13 00:00:00+00:00,49.7011833190918,62.27779006958008,101.36767578125,254.89608764648438
2018-08-14 00:00:00+00:00,49.91056823730469,62.751617431640625,102.63231658935547,256.52252197265625
2018-08-15 00:00:00+00:00,50.02717590332031,61.45881652832031,101.24057006835938,254.6069793701172
2018-08-16 00:00:00+00:00,50.76005935668945,61.05182647705078,101.22174835205078,256.6671447753906
2018-08-17 00:00:00+00:00,51.773746490478516,60.642337799072266,101.16532135009766,257.570556640625
2018-08-20 00:00:00+00:00,51.26927947998047,60.94658660888672,100.49767303466797,258.12188720703125
2018-08-21 00:00:00+00:00,51.16934585571289,60.72014236450195,99.66073608398438,258.7272644042969
2018-08-22 00:00:00+00:00,51.17171859741211,60.93661117553711,100.67632293701172,258.5736999511719
2018-08-23 00:00:00+00:00,51.276424407958984,60.90718078613281,101.14653015136719,258.2303161621094
2018-08-24 00:00:00+00:00,51.43583679199219,61.68476104736328,101.93647003173828,259.7843933105469
2018-08-27 00:00:00+00:00,51.85940170288086,62.658348083496094,103.06487274169922,261.8355712890625
2018-08-28 00:00:00+00:00,52.2781867980957,62.13913345336914,103.685546875,261.9620666503906
2018-08-29 00:00:00+00:00,53.058685302734375,63.07631301879883,105.3405990600586,263.3716735839844
2018-08-30 00:00:00+00:00,53.54648971557617,62.567073822021484,105.27476501464844,262.3052978515625
2018-08-31 00:00:00+00:00,54.1651611328125,61.437870025634766,105.6321029663086,262.31439208984375
2018-09-04 00:00:00+00:00,54.33887481689453,60.415897369384766,105.04907989501953,261.8626403808594
2018-09-05 00:00:00+00:00,53.98432922363281,59.80691146850586,102.02107238769531,261.1577453613281
2018-09-06 00:00:00+00:00,53.087242126464844,59.05327606201172,102.25617218017578,260.37176513671875
2018-09-07 00:00:00+00:00,52.6589241027832,58.734066009521484,101.75777435302734,259.86566162109375
2018-09-10 00:00:00+00:00,51.95219802856445,58.60787582397461,102.8580093383789,260.3175354003906
2018-09-11 00:00:00+00:00,53.26570129394531,59.35253143310547,104.60710144042969,261.1759338378906
2018-09-12 00:00:00+00:00,52.604190826416016,58.435306549072266,105.04907989501953,261.2391357421875
2018-09-13 00:00:00+00:00,53.87485885620117,58.96099853515625,106.17752838134766,262.78424072265625
2018-09-14 00:00:00+00:00,53.2633171081543,58.75351333618164,106.61009979248047,262.8293762207031
2018-09-17 00:00:00+00:00,51.84511947631836,57.84825897216797,105.45342254638672,261.4379577636719
2018-09-18 00:00:00+00:00,51.9307975769043,58.21135711669922,106.45963287353516,262.8565368652344
2018-09-19 00:00:00+00:00,51.961727142333984,58.568477630615234,105.03964233398438,263.1366271972656
2018-09-20 00:00:00+00:00,52.356719970703125,59.431339263916016,106.79816436767578,265.2690734863281
2018-09-21 00:00:00+00:00,51.79277420043945,58.461238861083984,107.44702911376953,265.0267639160156
2018-09-24 00:00:00+00:00,52.53756332397461,58.83232116699219,107.83259582519531,264.14630126953125
2018-09-25 00:00:00+00:00,52.87070083618164,59.54705047607422,107.62569427490234,263.9012145996094
2018-09-26 00:00:00+00:00,52.449527740478516,59.5555305480957,107.18372344970703,263.111572265625
2018-09-27 00:00:00+00:00,53.52745056152344,60.21888732910156,107.58805847167969,263.8467712402344
2018-09-28 00:00:00+00:00,53.71542739868164,60.204925537109375,107.55046844482422,263.8740234375
2018-10-01 00:00:00+00:00,54.07712173461914,60.27724075317383,108.71652221679688,264.7906799316406
2018-10-02 00:00:00+00:00,54.55778884887695,60.232852935791016,108.2839584350586,264.636474609375
2018-10-03 00:00:00+00:00,55.2216796875,60.42687225341797,108.30276489257812,264.7817077636719
2018-10-04 00:00:00+00:00,54.25082015991211,58.7081298828125,106.06466674804688,262.71221923828125
2018-10-05 00:00:00+00:00,53.370399475097656,58.24726867675781,105.44404602050781,261.2417907714844
2018-10-08 00:00:00+00:00,53.246665954589844,57.65324020385742,104.24034881591797,261.2417907714844
2018-10-09 00:00:00+00:00,53.98432922363281,57.117069244384766,105.5662841796875,260.86065673828125
2018-10-10 00:00:00+00:00,51.48344039916992,54.473114013671875,99.82999420166016,252.60084533691406
2018-10-11 00:00:00+00:00,51.02893829345703,54.40229034423828,99.59490966796875,247.03695678710938
2018-10-12 00:00:00+00:00,52.85166549682617,55.88861083984375,103.03666687011719,250.4678955078125
2018-10-15 00:00:00+00:00,51.72138595581055,54.98584747314453,101.18415069580078,249.06105041503906
2018-10-16 00:00:00+00:00,52.861175537109375,56.514060974121094,104.38140869140625,254.50694274902344
2018-10-17 00:00:00+00:00,52.632755279541016,56.24024200439453,104.10868072509766,254.5523223876953
2018-10-18 00:00:00+00:00,51.40252685546875,54.75990676879883,102.03048706054688,250.8763427734375
2018-10-19 00:00:00+00:00,52.185386657714844,55.12250900268555,102.18096160888672,250.74026489257812
2018-10-22 00:00:00+00:00,52.50425338745117,55.431243896484375,103.09310913085938,249.61468505859375
2018-10-23 00:00:00+00:00,52.99917984008789,55.60780715942383,101.65431213378906,248.34393310546875
2018-10-24 00:00:00+00:00,51.181243896484375,52.725440979003906,96.2189712524414,240.8195037841797
2018-10-25 00:00:00+00:00,52.30199432373047,55.04320526123047,101.84242248535156,245.1399383544922
2018-10-26 00:00:00+00:00,51.46915817260742,54.053653717041016,100.58231353759766,240.82855224609375
2018-10-29 00:00:00+00:00,50.503074645996094,51.608707427978516,97.65776824951172,239.4943389892578
2018-10-30 00:00:00+00:00,50.75530242919922,52.34587860107422,97.54489135742188,243.0432586669922
2018-10-31 00:00:00+00:00,52.07831954956055,54.394309997558594,100.44123077392578,245.63922119140625
2018-11-01 00:00:00+00:00,52.877845764160156,54.164878845214844,99.60432434082031,248.25323486328125
2018-11-02 00:00:00+00:00,49.370418548583984,53.442169189453125,99.82999420166016,246.7828369140625
2018-11-05 00:00:00+00:00,47.968875885009766,52.65611267089844,101.09950256347656,248.1443328857422
2018-11-06 00:00:00+00:00,48.487613677978516,53.346405029296875,101.2969741821289,249.71453857421875
2018-11-07 00:00:00+00:00,49.95815658569336,55.27512741088867,105.2841567993164,255.0606231689453
2018-11-08 00:00:00+00:00,49.78384780883789,54.596309661865234,105.0866928100586,254.59771728515625
2018-11-09 00:00:00+00:00,48.823944091796875,53.717987060546875,103.03666687011719,252.11070251464844
2018-11-12 00:00:00+00:00,46.364471435546875,52.338401794433594,100.49767303466797,247.40000915527344
2018-11-13 00:00:00+00:00,45.901241302490234,52.26906967163086,100.5634994506836,246.9370574951172
2018-11-14 00:00:00+00:00,44.60464096069336,52.5987548828125,99.13741302490234,245.24891662597656
2018-11-15 00:00:00+00:00,45.70543670654297,53.42022705078125,101.31904602050781,247.80853271484375
2018-11-16 00:00:00+00:00,46.21165084838867,53.28156661987305,102.27291870117188,248.45294189453125
2018-11-19 00:00:00+00:00,44.38019561767578,51.244110107421875,98.80685424804688,244.25045776367188
2018-11-20 00:00:00+00:00,42.259803771972656,51.39523696899414,96.05854797363281,239.73031616210938
2018-11-21 00:00:00+00:00,42.21205139160156,52.04263687133789,97.38075256347656,240.54718017578125
2018-11-23 00:00:00+00:00,41.139892578125,51.37778091430664,97.34296417236328,238.94065856933594
2018-11-26 00:00:00+00:00,41.69626235961914,52.66659164428711,100.55404663085938,242.7982177734375
2018-11-27 00:00:00+00:00,41.60552978515625,52.484039306640625,101.18682098388672,243.6151123046875
2018-11-28 00:00:00+00:00,43.20538330078125,54.45466232299805,104.94567108154297,249.22442626953125
2018-11-29 00:00:00+00:00,42.87346649169922,54.593814849853516,104.06735229492188,248.67982482910156
2018-11-30 00:00:00+00:00,42.64185333251953,55.345455169677734,104.72845458984375,250.19558715820312
2018-12-03 00:00:00+00:00,44.13186264038086,55.68013000488281,105.86178588867188,253.5084991455078
2018-12-04 00:00:00+00:00,42.190547943115234,52.992286682128906,102.4901351928711,245.2942657470703
2018-12-06 00:00:00+00:00,41.72015380859375,53.77085494995117,103.12293243408203,244.92208862304688
2018-12-07 00:00:00+00:00,40.23253631591797,52.19974136352539,98.9957275390625,239.23110961914062
2018-12-10 00:00:00+00:00,40.497581481933594,52.5289306640625,101.61183166503906,239.68496704101562
2018-12-11 00:00:00+00:00,40.265960693359375,52.951385498046875,102.55623626708984,239.73939514160156
2018-12-12 00:00:00+00:00,40.37819290161133,53.553890228271484,103.01902770996094,240.94651794433594
2018-12-13 00:00:00+00:00,40.8199348449707,53.544410705566406,103.36846923828125,240.8648681640625
2018-12-14 00:00:00+00:00,39.513797760009766,52.45560836791992,100.13849639892578,236.41738891601562
2018-12-17 00:00:00+00:00,39.146080017089844,51.15583038330078,97.17296600341797,231.7792205810547
2018-12-18 00:00:00+00:00,39.65468978881836,52.0416374206543,98.19295501708984,231.52511596679688
2018-12-19 00:00:00+00:00,38.417781829833984,51.64511489868164,97.92851257324219,228.05783081054688
2018-12-20 00:00:00+00:00,37.448326110839844,51.05258560180664,95.8696517944336,224.34552001953125
2018-12-21 00:00:00+00:00,35.99174880981445,49.44007873535156,92.77191162109375,219.74879455566406
2018-12-24 00:00:00+00:00,35.06050109863281,49.11189270019531,88.89970397949219,213.94236755371094
2018-12-26 00:00:00+00:00,37.529518127441406,52.26308822631836,94.97242736816406,224.75180053710938
2018-12-27 00:00:00+00:00,37.28596115112305,52.51496505737305,95.55801391601562,226.47727966308594
2018-12-28 00:00:00+00:00,37.3050537109375,52.204734802246094,94.8118896484375,226.1851348876953
2018-12-31 00:00:00+00:00,37.66562271118164,52.11894607543945,95.92632293701172,228.166259765625
2019-01-02 00:00:00+00:00,37.70859909057617,52.6037483215332,95.50133514404297,228.4036407470703
2019-01-03 00:00:00+00:00,33.952545166015625,51.1468505859375,91.98802185058594,222.9532928466797
2019-01-04 00:00:00+00:00,35.40194320678711,53.770355224609375,96.26632690429688,230.4212188720703
2019-01-07 00:00:00+00:00,35.32315444946289,53.66312026977539,96.38909149169922,232.23809814453125
2019-01-08 00:00:00+00:00,35.99652099609375,54.13445281982422,97.08797454833984,234.42001342773438
2019-01-09 00:00:00+00:00,36.60780334472656,53.94891357421875,98.47628784179688,235.5155792236328
2019-01-10 00:00:00+00:00,36.724815368652344,53.808265686035156,97.84352111816406,236.3463592529297
2019-01-11 00:00:00+00:00,36.36425018310547,53.092037200927734,97.08797454833984,236.4376678466797
2019-01-14 00:00:00+00:00,35.817440032958984,52.44563674926758,96.379638671875,234.9951934814453
2019-01-15 00:00:00+00:00,36.550506591796875,54.19131088256836,99.17516326904297,237.6884307861328
2019-01-16 00:00:00+00:00,36.99702835083008,54.340938568115234,99.52462768554688,238.26358032226562
2019-01-17 00:00:00+00:00,37.216697692871094,54.82025909423828,100.2234878540039,240.07122802734375
2019-01-18 00:00:00+00:00,37.445945739746094,55.228248596191406,101.72513580322266,243.2665252685547
2019-01-22 00:00:00+00:00,36.60542678833008,53.79828643798828,99.80795288085938,239.9799041748047
2019-01-23 00:00:00+00:00,36.75346374511719,54.08657455444336,100.78072357177734,240.48208618164062
2019-01-24 00:00:00+00:00,36.46215057373047,54.066123962402344,100.29903411865234,240.60986328125
2019-01-25 00:00:00+00:00,37.670387268066406,54.93946075439453,101.21514892578125,242.64572143554688
2019-01-28 00:00:00+00:00,37.32176208496094,53.85963439941406,99.24128723144531,240.80157470703125
2019-01-29 00:00:00+00:00,36.93494415283203,53.370845794677734,97.22020721435547,240.48208618164062
2019-01-30 00:00:00+00:00,39.45886993408203,54.76389694213867,100.46906280517578,244.2891082763672
2019-01-31 00:00:00+00:00,39.74303436279297,56.15544891357422,98.62740325927734,246.4345703125
2019-02-01 00:00:00+00:00,39.76213836669922,55.7928466796875,97.06906127929688,246.5531463623047
2019-02-04 00:00:00+00:00,40.89158248901367,56.930030822753906,99.8646240234375,248.28781127929688
2019-02-05 00:00:00+00:00,41.59121322631836,57.451236724853516,101.26238250732422,249.32859802246094
2019-02-06 00:00:00+00:00,41.60552978515625,56.005821228027344,100.13849639892578,248.9999237060547
2019-02-07 00:00:00+00:00,40.81755065917969,55.15892028808594,99.42073059082031,246.6262664794922
2019-02-08 00:00:00+00:00,40.865509033203125,54.982852935791016,99.79850769042969,246.9275360107422
2019-02-11 00:00:00+00:00,40.6304931640625,54.969886779785156,99.4018325805664,247.0645294189453
2019-02-12 00:00:00+00:00,40.98061752319336,56.239742279052734,100.95072174072266,250.24159240722656
2019-02-13 00:00:00+00:00,40.81034851074219,56.292110443115234,100.87513732910156,251.0541534423828
2019-02-14 00:00:00+00:00,40.95903778076172,56.32054138183594,100.96017456054688,250.49722290039062
2019-02-15 00:00:00+00:00,40.8679084777832,55.843223571777344,102.20681762695312,253.2270050048828
2019-02-19 00:00:00+00:00,40.99021530151367,56.186370849609375,102.15958404541016,253.66519165039062
2019-02-20 00:00:00+00:00,41.25400161743164,55.8911018371582,101.62845611572266,254.1764373779297
2019-02-21 00:00:00+00:00,41.021392822265625,55.07412338256836,103.77200317382812,253.27255249023438
2019-02-22 00:00:00+00:00,41.47941589355469,55.690101623535156,105.25159454345703,254.84288024902344
2019-02-25 00:00:00+00:00,41.78157043457031,55.72850799560547,105.83963012695312,255.18980407714844
2019-02-26 00:00:00+00:00,41.80556106567383,55.96192932128906,106.56997680664062,255.00723266601562
2019-02-27 00:00:00+00:00,41.93504333496094,56.005821228027344,106.38976287841797,254.89767456054688
2019-02-28 00:00:00+00:00,41.52257537841797,56.18836975097656,106.2569808959961,254.42291259765625
2019-03-01 00:00:00+00:00,41.95902633666992,57.284156799316406,106.73121643066406,256.011474609375
2019-03-04 00:00:00+00:00,42.170066833496094,57.5285530090332,106.47513580322266,255.0802764892578
2019-03-05 00:00:00+00:00,42.09332275390625,58.315101623535156,105.94397735595703,254.73326110839844
2019-03-06 00:00:00+00:00,41.85112380981445,58.10313034057617,105.99140930175781,253.19041442871094
2019-03-07 00:00:00+00:00,41.36669921875,57.400367736816406,104.70146942138672,251.07232666015625
2019-03-08 00:00:00+00:00,41.46502685546875,57.356475830078125,104.8153076171875,250.5701904296875
2019-03-11 00:00:00+00:00,42.90147399902344,58.817359924316406,107.0157470703125,254.2038116455078
2019-03-12 00:00:00+00:00,43.383480072021484,59.71463394165039,107.76504516601562,255.16238403320312
2019-03-13 00:00:00+00:00,43.57533264160156,59.80491256713867,108.59968566894531,256.8514099121094
2019-03-14 00:00:00+00:00,44.05973815917969,59.479217529296875,108.68504333496094,256.6871032714844
2019-03-15 00:00:00+00:00,44.632877349853516,59.36799621582031,109.93702697753906,257.9552307128906
2019-03-18 00:00:00+00:00,45.08852005004883,59.28071212768555,111.51148986816406,258.89056396484375
2019-03-19 00:00:00+00:00,44.731204986572266,59.97449493408203,111.58736419677734,258.9547424316406
2019-03-20 00:00:00+00:00,45.12208557128906,61.1700325012207,111.46405029296875,258.1753234863281
2019-03-21 00:00:00+00:00,46.78395080566406,61.65383529663086,114.02495574951172,261.09124755859375
2019-03-22 00:00:00+00:00,45.815120697021484,60.23335266113281,111.01829528808594,256.0663146972656
2019-03-25 00:00:00+00:00,45.261165618896484,59.72111892700195,111.59684753417969,255.87367248535156
2019-03-26 00:00:00+00:00,44.79354476928711,59.345054626464844,111.83397674560547,257.78094482421875
2019-03-27 00:00:00+00:00,45.19642639160156,58.75501251220703,110.7527084350586,256.4330139160156
2019-03-28 00:00:00+00:00,45.25638198852539,58.46872329711914,110.90446472167969,257.4050598144531
2019-03-29 00:00:00+00:00,45.55133819580078,58.69915008544922,111.8624038696289,259.0281066894531
2019-04-01 00:00:00+00:00,45.860687255859375,59.80092239379883,112.88677215576172,262.0999450683594
2019-04-02 00:00:00+00:00,46.52736282348633,60.12811279296875,113.04801940917969,262.2283935546875
2019-04-03 00:00:00+00:00,46.84629821777344,60.39096450805664,113.78783416748047,262.6409606933594
2019-04-04 00:00:00+00:00,46.92783737182617,60.821895599365234,113.20925903320312,263.337890625
2019-04-05 00:00:00+00:00,47.241973876953125,60.422882080078125,113.71194458007812,264.6125183105469
2019-04-08 00:00:00+00:00,47.985389709472656,60.26477813720703,113.74988555908203,264.8142395019531
2019-04-09 00:00:00+00:00,47.84150695800781,59.985965728759766,113.13337707519531,263.45703125
2019-04-10 00:00:00+00:00,48.110076904296875,60.173500061035156,113.99649810791016,264.35577392578125
2019-04-11 00:00:00+00:00,47.70960998535156,60.33011245727539,114.12926483154297,264.28240966796875
2019-04-12 00:00:00+00:00,47.6904182434082,60.98549270629883,114.7173080444336,266.0704345703125
2019-04-15 00:00:00+00:00,47.77674865722656,61.175018310546875,114.81218719482422,265.89630126953125
2019-04-16 00:00:00+00:00,47.78154754638672,61.443359375,114.54660034179688,266.0704345703125
2019-04-17 00:00:00+00:00,48.711997985839844,61.85383987426758,115.49505615234375,265.41943359375
2019-04-18 00:00:00+00:00,48.88705062866211,61.9201774597168,117.01261138916016,265.942138671875
2019-04-22 00:00:00+00:00,49.047725677490234,62.53315734863281,117.38251495361328,266.1714172363281
2019-04-23 00:00:00+00:00,49.755157470703125,63.37257766723633,118.97593688964844,268.564697265625
2019-04-24 00:00:00+00:00,49.678428649902344,62.84688186645508,118.568115234375,267.9686279296875
2019-04-25 00:00:00+00:00,49.22758102416992,63.210479736328125,122.49475860595703,267.8035583496094
2019-04-26 00:00:00+00:00,48.992576599121094,63.713233947753906,123.19664764404297,269.0507507324219
2019-04-29 00:00:00+00:00,49.06691360473633,64.64991760253906,123.08280944824219,269.47247314453125
2019-04-30 00:00:00+00:00,48.122066497802734,59.7999267578125,123.87007904052734,269.61004638671875
2019-05-01 00:00:00+00:00,50.48417663574219,58.52109146118164,121.29022979736328,267.5834655761719
2019-05-02 00:00:00+00:00,50.1556282043457,58.18143081665039,119.70626068115234,267.00579833984375
2019-05-03 00:00:00+00:00,50.779136657714844,59.330589294433594,122.25764465332031,269.6191711425781
2019-05-06 00:00:00+00:00,49.994972229003906,59.525604248046875,121.5462646484375,268.5096435546875
2019-05-07 00:00:00+00:00,48.647239685058594,58.79740905761719,119.05182647705078,264.0256042480469
2019-05-08 00:00:00+00:00,48.656837463378906,58.394405364990234,119.04235076904297,263.6588439941406
2019-05-09 00:00:00+00:00,48.134063720703125,58.254249572753906,119.03282928466797,262.8611145019531
2019-05-10 00:00:00+00:00,47.46723937988281,58.23779296875,120.57884979248047,264.1815490722656
2019-05-13 00:00:00+00:00,44.708473205566406,56.68912887573242,116.99365234375,257.5425720214844
2019-05-14 00:00:00+00:00,45.41621780395508,56.10407638549805,118.30254364013672,259.8717346191406
2019-05-15 00:00:00+00:00,45.960262298583984,58.39540481567383,119.968505859375,261.3938903808594
2019-05-16 00:00:00+00:00,45.758060455322266,59.07870864868164,122.73876953125,263.81475830078125
2019-05-17 00:00:00+00:00,45.49806213378906,58.29465103149414,121.92007446289062,262.10919189453125
2019-05-20 00:00:00+00:00,44.07535171508789,57.091636657714844,120.15888977050781,260.3760681152344
2019-05-21 00:00:00+00:00,44.92031478881836,57.57942581176758,120.8062515258789,262.7235412597656
2019-05-22 00:00:00+00:00,44.00071334838867,57.64974594116211,121.53926086425781,261.91656494140625
2019-05-23 00:00:00+00:00,43.2496452331543,57.125545501708984,120.12081909179688,258.71630859375
2019-05-24 00:00:00+00:00,43.08354187011719,56.789878845214844,120.17792510986328,259.30328369140625
2019-05-28 00:00:00+00:00,42.9053955078125,56.83726119995117,120.1017837524414,256.89154052734375
2019-05-29 00:00:00+00:00,42.700775146484375,55.85868453979492,118.94036865234375,255.1676788330078
2019-05-30 00:00:00+00:00,42.92224884033203,55.932003021240234,119.69243621826172,255.864501953125
2019-05-31 00:00:00+00:00,42.14469909667969,55.18834686279297,117.7408676147461,252.4167022705078
2019-06-03 00:00:00+00:00,41.718597412109375,51.808712005615234,114.08525848388672,251.77481079101562
2019-06-04 00:00:00+00:00,43.24481964111328,52.59426498413086,117.24585723876953,257.23992919921875
2019-06-05 00:00:00+00:00,43.94293975830078,52.10298156738281,119.78764343261719,259.4682312011719
2019-06-06 00:00:00+00:00,44.588104248046875,52.258602142333984,121.68206024169922,261.155517578125
2019-06-07 00:00:00+00:00,45.77490997314453,53.28655242919922,125.09013366699219,263.76885986328125
2019-06-10 00:00:00+00:00,46.3598747253418,54.00428009033203,126.23252868652344,264.97930908203125
2019-06-11 00:00:00+00:00,46.89669418334961,53.918487548828125,125.75653839111328,264.91510009765625
2019-06-12 00:00:00+00:00,46.747459411621094,53.82173156738281,125.17587280273438,264.44744873046875
2019-06-13 00:00:00+00:00,46.73782730102539,54.41575622558594,125.96595764160156,265.5386047363281
2019-06-14 00:00:00+00:00,46.39839172363281,54.18083572387695,126.0896987915039,265.2452392578125
2019-06-17 00:00:00+00:00,46.67523956298828,54.55939865112305,126.47052001953125,265.3460693359375
2019-06-18 00:00:00+00:00,47.77296447753906,55.12550354003906,128.66961669921875,268.1246032714844
2019-06-19 00:00:00+00:00,47.63335037231445,55.089088439941406,129.17417907714844,268.7297058105469
2019-06-20 00:00:00+00:00,48.01610565185547,55.52251434326172,130.37362670898438,271.29730224609375
2019-06-21 00:00:00+00:00,47.8524055480957,56.129512786865234,130.39266967773438,270.90289306640625
2019-06-24 00:00:00+00:00,47.804264068603516,55.697086334228516,131.16378784179688,270.57122802734375
2019-06-25 00:00:00+00:00,47.07966995239258,54.24468231201172,127.02266693115234,267.9175109863281
2019-06-26 00:00:00+00:00,48.09794998168945,53.88257598876953,127.49861907958984,267.65020751953125
2019-06-27 00:00:00+00:00,48.08351135253906,53.69853591918945,127.70809936523438,268.59930419921875
2019-06-28 00:00:00+00:00,47.6453742980957,54.00627136230469,127.5272216796875,269.9815368652344
2019-07-01 00:00:00+00:00,48.51923370361328,54.8641471862793,129.16461181640625,272.4324951171875
2019-07-02 00:00:00+00:00,48.80329513549805,55.492591857910156,130.02137756347656,273.1419677734375
2019-07-03 00:00:00+00:00,49.20772933959961,56.01081085205078,130.85916137695312,275.3258361816406
2019-07-05 00:00:00+00:00,49.164390563964844,56.493614196777344,130.4783477783203,275.012451171875
2019-07-08 00:00:00+00:00,48.15091323852539,55.70157241821289,130.38314819335938,273.5013732910156
2019-07-09 00:00:00+00:00,48.44459915161133,56.07564926147461,129.90719604492188,273.8423156738281
2019-07-10 00:00:00+00:00,48.92365646362305,56.904598236083984,131.2304229736328,275.15069580078125
2019-07-11 00:00:00+00:00,48.567378997802734,57.06270217895508,131.7539825439453,275.79571533203125
2019-07-12 00:00:00+00:00,48.94050216674805,57.125545501708984,132.22998046875,277.0304260253906
2019-07-15 00:00:00+00:00,49.400306701660156,57.3834114074707,132.22998046875,277.1225280761719
2019-07-16 00:00:00+00:00,49.22938919067383,57.53054428100586,130.49740600585938,276.2288513183594
2019-07-17 00:00:00+00:00,48.952545166015625,57.19537353515625,129.72628784179688,274.3490905761719
2019-07-18 00:00:00+00:00,49.508628845214844,57.220314025878906,129.86907958984375,275.35345458984375
2019-07-19 00:00:00+00:00,48.76959228515625,56.43775177001953,130.0594940185547,273.8238830566406
2019-07-22 00:00:00+00:00,49.88417434692383,56.819801330566406,131.78253173828125,274.4965515136719
2019-07-23 00:00:00+00:00,50.27415466308594,57.26071548461914,132.60125732421875,276.4590759277344
2019-07-24 00:00:00+00:00,50.23323059082031,56.845741271972656,133.96258544921875,277.7584228515625
2019-07-25 00:00:00+00:00,49.83602523803711,56.65671157836914,133.4580535888672,276.4315185546875
2019-07-26 00:00:00+00:00,50.00935745239258,62.107215881347656,134.5528564453125,278.2835998535156
2019-07-29 00:00:00+00:00,50.476375579833984,61.938629150390625,134.25772094726562,277.7768249511719
2019-07-30 00:00:00+00:00,50.25971603393555,61.24834060668945,133.61036682128906,277.09503173828125
2019-07-31 00:00:00+00:00,51.28522872924805,60.759552001953125,129.72628784179688,274.06341552734375
2019-08-01 00:00:00+00:00,50.17544937133789,60.4393424987793,131.4303436279297,271.67694091796875
2019-08-02 00:00:00+00:00,49.11384201049805,59.668251037597656,130.3260498046875,269.63134765625
2019-08-05 00:00:00+00:00,46.54283142089844,57.594886779785156,125.86125946044922,261.52264404296875
2019-08-06 00:00:00+00:00,47.42390823364258,58.40937042236328,128.22218322753906,265.1900329589844
2019-08-07 00:00:00+00:00,47.91499710083008,58.650272369384766,128.7838134765625,265.3465576171875
2019-08-08 00:00:00+00:00,48.9718017578125,60.1605339050293,132.22052001953125,270.5528259277344
2019-08-09 00:00:00+00:00,48.568267822265625,59.29816818237305,131.09716796875,268.7099304199219
2019-08-12 00:00:00+00:00,48.44502258300781,58.5799446105957,129.26934814453125,265.43878173828125
2019-08-13 00:00:00+00:00,50.49658966064453,59.688697814941406,131.9444122314453,269.5668029785156
2019-08-14 00:00:00+00:00,48.99354934692383,58.0687141418457,127.9709701538086,261.59637451171875
2019-08-15 00:00:00+00:00,48.749488830566406,58.32158660888672,127.6844482421875,262.28741455078125
2019-08-16 00:00:00+00:00,49.899723052978516,58.81486129760742,130.0245819091797,266.1575012207031
2019-08-19 00:00:00+00:00,50.830055236816406,59.873741149902344,132.20228576660156,269.3641052246094
2019-08-20 00:00:00+00:00,50.83247375488281,59.030330657958984,131.10386657714844,267.3001403808594
2019-08-21 00:00:00+00:00,51.383426666259766,59.43183898925781,132.5652313232422,269.4747009277344
2019-08-22 00:00:00+00:00,51.33992004394531,59.4288444519043,131.60052490234375,269.3917236328125
2019-08-23 00:00:00+00:00,48.96697998046875,57.53653335571289,127.4074478149414,262.4716796875
2019-08-26 00:00:00+00:00,49.89730453491211,58.41435241699219,129.37501525878906,265.374267578125
2019-08-27 00:00:00+00:00,49.33428192138672,58.39640426635742,129.65206909179688,264.3330078125
2019-08-28 00:00:00+00:00,49.66532516479492,58.542537689208984,129.4801483154297,266.1943359375
2019-08-29 00:00:00+00:00,50.50625228881836,59.564510345458984,131.92526245117188,269.594482421875
2019-08-30 00:00:00+00:00,50.44102096557617,59.37946701049805,131.6769561767578,269.4747009277344
2019-09-03 00:00:00+00:00,49.7064094543457,58.33306121826172,129.9385528564453,267.89898681640625
2019-09-04 00:00:00+00:00,50.54975891113281,58.96748352050781,131.45730590820312,270.939697265625
2019-09-05 00:00:00+00:00,51.5380744934082,60.45979309082031,133.76873779296875,274.42279052734375
2019-09-06 00:00:00+00:00,51.533241271972656,60.16701889038086,132.86131286621094,274.6346740722656
2019-09-09 00:00:00+00:00,51.753143310546875,60.114646911621094,131.35220336914062,274.77301025390625
2019-09-10 00:00:00+00:00,52.364501953125,60.13609313964844,129.976806640625,274.70843505859375
2019-09-11 00:00:00+00:00,54.02943420410156,60.849327087402344,130.01498413085938,276.661865234375
2019-09-12 00:00:00+00:00,53.90861511230469,61.59598159790039,131.35220336914062,277.62017822265625
2019-09-13 00:00:00+00:00,52.859859466552734,61.84835433959961,131.16119384765625,277.4358825683594
2019-09-16 00:00:00+00:00,53.13777542114258,61.42939376831055,130.215576171875,276.5789489746094
2019-09-17 00:00:00+00:00,53.331077575683594,61.342105865478516,131.22804260253906,277.2793273925781
2019-09-18 00:00:00+00:00,53.83129119873047,61.480262756347656,132.30735778808594,277.44512939453125
2019-09-19 00:00:00+00:00,53.3939094543457,61.78451156616211,134.74301147460938,277.4267272949219
2019-09-20 00:00:00+00:00,52.613407135009766,61.34011459350586,133.1861114501953,276.1158447265625
2019-09-23 00:00:00+00:00,52.852638244628906,61.58201599121094,132.8995819091797,276.0510559082031
2019-09-24 00:00:00+00:00,52.601314544677734,60.76603317260742,131.218505859375,273.8849792480469
2019-09-25 00:00:00+00:00,53.41082763671875,62.143123626708984,133.10968017578125,275.5048522949219
2019-09-26 00:00:00+00:00,53.135353088378906,61.96107482910156,133.2816162109375,274.9310302734375
2019-09-27 00:00:00+00:00,52.87678527832031,61.14609146118164,131.5527801513672,273.4497985839844
2019-09-30 00:00:00+00:00,54.12126922607422,60.906185150146484,132.79449462890625,274.7181091308594
2019-10-01 00:00:00+00:00,54.271087646484375,60.15105438232422,130.92237854003906,271.4504089355469
2019-10-02 00:00:00+00:00,52.91061782836914,58.750526428222656,128.6109161376953,266.6553039550781
2019-10-03 00:00:00+00:00,53.36009216308594,59.32460403442383,130.1678466796875,268.8399353027344
2019-10-04 00:00:00+00:00,54.85586929321289,60.398441314697266,131.92526245117188,272.47796630859375
2019-10-07 00:00:00+00:00,54.867942810058594,60.263275146484375,130.9701690673828,271.30230712890625
2019-10-08 00:00:00+00:00,54.22517395019531,59.35951614379883,129.58517456054688,267.09039306640625
2019-10-09 00:00:00+00:00,54.86069869995117,59.971500396728516,132.03990173339844,269.6268005371094
2019-10-10 00:00:00+00:00,55.60012435913086,60.324127197265625,132.86131286621094,271.4504089355469
2019-10-11 00:00:00+00:00,57.0789909362793,60.63535690307617,133.4153289794922,274.2645568847656
2019-10-14 00:00:00+00:00,56.99684143066406,60.738101959228516,133.29116821289062,273.9590148925781
2019-10-15 00:00:00+00:00,56.86394500732422,61.958580017089844,135.22056579589844,276.6712951660156
2019-10-16 00:00:00+00:00,56.634368896484375,61.99648666381836,134.1125946044922,276.22698974609375
2019-10-17 00:00:00+00:00,56.85426330566406,62.48527526855469,133.42489624023438,277.0415954589844
2019-10-18 00:00:00+00:00,57.12732696533203,62.06681442260742,131.2471466064453,275.8289489746094
2019-10-21 00:00:00+00:00,58.11806106567383,62.06032943725586,132.22140502929688,277.69879150390625
2019-10-22 00:00:00+00:00,57.985172271728516,61.90671157836914,130.25379943847656,276.791748046875
2019-10-23 00:00:00+00:00,58.76325607299805,62.72618103027344,131.08477783203125,277.5970153808594
2019-10-24 00:00:00+00:00,58.859928131103516,62.79999923706055,133.66368103027344,278.0506286621094
2019-10-25 00:00:00+00:00,59.584861755371094,63.05885696411133,134.4182586669922,279.189208984375
2019-10-28 00:00:00+00:00,60.181724548339844,64.28980255126953,137.7230682373047,280.7627868652344
2019-10-29 00:00:00+00:00,58.78984451293945,62.8773078918457,136.4240264892578,280.6795654296875
2019-10-30 00:00:00+00:00,58.782596588134766,62.87929916381836,138.1242218017578,281.54046630859375
2019-10-31 00:00:00+00:00,60.11164474487305,62.7845344543457,136.93984985351562,280.79058837890625
2019-11-01 00:00:00+00:00,61.817665100097656,63.45537185668945,137.27413940429688,283.391845703125
2019-11-04 00:00:00+00:00,62.223628997802734,64.32122802734375,138.06692504882812,284.5303955078125
2019-11-05 00:00:00+00:00,62.134220123291016,64.41250610351562,137.98092651367188,284.2156677246094
2019-11-06 00:00:00+00:00,62.16080093383789,64.39105987548828,137.59890747070312,284.2804870605469
2019-11-07 00:00:00+00:00,62.878211975097656,65.18559265136719,137.78990173339844,285.2802429199219
2019-11-08 00:00:00+00:00,63.050289154052734,65.28833770751953,139.41368103027344,285.9837951660156
2019-11-11 00:00:00+00:00,63.54958724975586,64.753662109375,139.5569610595703,285.43768310546875
2019-11-12 00:00:00+00:00,63.49140167236328,64.70028686523438,140.47386169433594,286.0393371582031
2019-11-13 00:00:00+00:00,64.09977722167969,64.64891815185547,140.703125,286.13189697265625
2019-11-14 00:00:00+00:00,63.656219482421875,65.29580688476562,141.41949462890625,286.5484619140625
2019-11-15 00:00:00+00:00,64.41239929199219,66.5123062133789,143.2438201904297,288.62200927734375
2019-11-18 00:00:00+00:00,64.73719024658203,65.82899475097656,143.59718322753906,288.83489990234375
2019-11-19 00:00:00+00:00,64.54086303710938,65.46739959716797,143.6449737548828,288.7516174316406
2019-11-20 00:00:00+00:00,63.789512634277344,64.93222045898438,143.3958282470703,287.67779541015625
2019-11-21 00:00:00+00:00,63.50352478027344,64.846435546875,143.26162719726562,287.2149353027344
2019-11-22 00:00:00+00:00,63.44778823852539,64.52373504638672,143.3670654296875,287.8536682128906
2019-11-25 00:00:00+00:00,64.56025695800781,65.1207504272461,144.93882751464844,290.0845947265625
2019-11-26 00:00:00+00:00,64.05613708496094,65.48784637451172,145.70556640625,290.7417907714844
2019-11-27 00:00:00+00:00,64.91654968261719,65.44445037841797,145.98348999023438,292.03790283203125
2019-11-29 00:00:00+00:00,64.77355194091797,65.04344177246094,145.08261108398438,290.9548645019531
2019-12-02 00:00:00+00:00,64.02462768554688,64.28382110595703,143.32870483398438,288.483154296875
2019-12-03 00:00:00+00:00,62.88307571411133,64.57709503173828,143.0987091064453,286.5484619140625
2019-12-04 00:00:00+00:00,63.438087463378906,65.78410339355469,143.61624145507812,288.3165283203125
2019-12-05 00:00:00+00:00,64.36878967285156,66.18412017822266,143.69293212890625,288.83489990234375
2019-12-06 00:00:00+00:00,65.61213684082031,66.8040771484375,145.43722534179688,291.47314453125
2019-12-09 00:00:00+00:00,64.6935806274414,66.98363494873047,145.0634307861328,290.5567321777344
2019-12-10 00:00:00+00:00,65.07164764404297,66.97865295410156,144.84300231933594,290.23272705078125
2019-12-11 00:00:00+00:00,65.62670135498047,67.0464859008789,145.38925170898438,291.0566101074219
2019-12-12 00:00:00+00:00,65.79393005371094,67.2579574584961,146.86520385742188,293.5651550292969
2019-12-13 00:00:00+00:00,66.68829345703125,67.17715454101562,148.10153198242188,293.7410888671875
2019-12-16 00:00:00+00:00,67.82984924316406,67.86695098876953,149.0599822998047,295.759033203125
2019-12-17 00:00:00+00:00,67.96315002441406,67.5771713256836,148.2548828125,295.8238525390625
2019-12-18 00:00:00+00:00,67.80075073242188,67.42852783203125,147.9481964111328,295.8424377441406
2019-12-19 00:00:00+00:00,67.86864471435547,67.65447235107422,149.2324981689453,297.0550537109375
2019-12-20 00:00:00+00:00,67.72805786132812,67.39411163330078,150.86175537109375,298.35748291015625
2019-12-23 00:00:00+00:00,68.83326721191406,67.36470031738281,150.86175537109375,298.8132629394531
2019-12-24 00:00:00+00:00,68.89871215820312,67.05545043945312,150.8329620361328,298.82257080078125
2019-12-26 00:00:00+00:00,70.26566314697266,67.95523071289062,152.0692901611328,300.41326904296875
2019-12-27 00:00:00+00:00,70.2389907836914,67.56470489501953,152.34727478027344,300.3388671875
2019-12-30 00:00:00+00:00,70.65586853027344,66.82003784179688,151.0342254638672,298.6829833984375
2019-12-31 00:00:00+00:00,71.17215728759766,66.8040771484375,151.1396942138672,299.4085998535156
2020-01-02 00:00:00+00:00,72.79603576660156,68.26496124267578,153.9381866455078,302.2086486816406
2020-01-03 00:00:00+00:00,72.08829498291016,67.90784454345703,152.02142333984375,299.9201965332031
2020-01-06 00:00:00+00:00,72.66271209716797,69.71786499023438,152.41433715820312,301.064453125
2020-01-07 00:00:00+00:00,72.32097625732422,69.58320617675781,151.024658203125,300.2178955078125
2020-01-08 00:00:00+00:00,73.48435974121094,70.07847595214844,153.4302520751953,301.8179626464844
2020-01-09 00:00:00+00:00,75.04523468017578,70.81415557861328,155.3470458984375,303.8644714355469
2020-01-10 00:00:00+00:00,75.21485900878906,71.27151489257812,154.62823486328125,302.9899597167969
2020-01-13 00:00:00+00:00,76.82179260253906,71.82365417480469,156.487548828125,305.0737609863281
2020-01-14 00:00:00+00:00,75.7844467163086,71.35282135009766,155.38540649414062,304.6086730957031
2020-01-15 00:00:00+00:00,75.45966339111328,71.7822494506836,156.3916778564453,305.29705810546875
2020-01-16 00:00:00+00:00,76.4049301147461,72.32890319824219,159.25729370117188,307.836669921875
2020-01-17 00:00:00+00:00,77.25078582763672,73.79327392578125,160.1486358642578,308.7947082519531
2020-01-21 00:00:00+00:00,76.7272720336914,73.929443359375,159.57362365722656,308.1900939941406
2020-01-22 00:00:00+00:00,77.00116729736328,74.01023864746094,158.80686950683594,308.2273864746094
2020-01-23 00:00:00+00:00,77.37199401855469,74.05113983154297,159.7844696044922,308.5807800292969
2020-01-24 00:00:00+00:00,77.14900207519531,73.12742614746094,158.17434692382812,305.8365783691406
2020-01-27 00:00:00+00:00,74.88038635253906,71.40968322753906,155.5291290283203,300.9342041015625
2020-01-28 00:00:00+00:00,76.99872589111328,72.34586334228516,158.57688903808594,304.0877380371094
2020-01-29 00:00:00+00:00,78.61050415039062,72.65509033203125,161.04953002929688,303.8365173339844
2020-01-30 00:00:00+00:00,78.49656677246094,72.53289794921875,165.5923614501953,304.8226623535156
2020-01-31 00:00:00+00:00,75.01612854003906,71.46205139160156,163.14840698242188,299.28759765625
2020-02-03 00:00:00+00:00,74.81011962890625,73.94689178466797,167.1258087158203,301.51092529296875
2020-02-04 00:00:00+00:00,77.27987670898438,72.09198760986328,172.62701416015625,306.1062927246094
2020-02-05 00:00:00+00:00,77.9100341796875,72.12390899658203,172.41616821289062,309.6412353515625
2020-02-06 00:00:00+00:00,78.82134246826172,73.6162109375,175.99098205566406,310.6831359863281
2020-02-07 00:00:00+00:00,77.74996185302734,73.7728271484375,176.24017333984375,309.0273132324219
2020-02-10 00:00:00+00:00,78.1192398071289,75.2466812133789,180.85009765625,311.3343200683594
2020-02-11 00:00:00+00:00,77.64790344238281,75.3165054321289,176.76727294921875,311.8738708496094
2020-02-12 00:00:00+00:00,79.49187469482422,75.74394989013672,177.0260467529297,313.8832702636719
2020-02-13 00:00:00+00:00,78.92581176757812,75.48259735107422,176.0676727294922,313.5483703613281
2020-02-14 00:00:00+00:00,78.94526672363281,75.74893188476562,177.6394500732422,314.0506896972656
2020-02-18 00:00:00+00:00,77.49972534179688,75.78434753417969,179.44122314453125,313.2413330078125
2020-02-19 00:00:00+00:00,78.62213897705078,76.05517578125,179.9794158935547,314.739013671875
2020-02-20 00:00:00+00:00,77.81554412841797,75.66214752197266,177.23089599609375,313.44598388671875
2020-02-21 00:00:00+00:00,76.05420684814453,73.98978424072266,171.62815856933594,310.2180480957031
2020-02-24 00:00:00+00:00,72.44159698486328,70.81764221191406,164.2283477783203,299.9295654296875
2020-02-25 00:00:00+00:00,69.98783874511719,69.14479064941406,161.51828002929688,290.84100341796875
2020-02-26 00:00:00+00:00,71.09809875488281,69.35177612304688,163.53636169433594,289.7712707519531
2020-02-27 00:00:00+00:00,66.45054626464844,65.58509826660156,152.01377868652344,276.7572021484375
2020-02-28 00:00:00+00:00,66.41167449951172,66.7970962524414,155.69448852539062,275.5943603515625
2020-03-02 00:00:00+00:00,72.59465026855469,69.14479064941406,166.05426025390625,287.5293273925781
2020-03-03 00:00:00+00:00,70.28910064697266,66.72079467773438,158.09701538085938,279.2966613769531
2020-03-04 00:00:00+00:00,73.5494155883789,68.90937042236328,163.90159606933594,291.036376953125
2020-03-05 00:00:00+00:00,71.1636962890625,65.57562255859375,159.78842163085938,281.36187744140625
2020-03-06 00:00:00+00:00,70.2186508178711,64.6269760131836,155.27159118652344,276.71063232421875
2020-03-09 00:00:00+00:00,64.6648941040039,60.63935089111328,144.7484893798828,255.1009979248047
2020-03-10 00:00:00+00:00,69.3221664428711,63.60101318359375,154.64698791503906,268.3012390136719
2020-03-11 00:00:00+00:00,66.9145736694336,60.39544677734375,147.64112854003906,255.2219696044922
2020-03-12 00:00:00+00:00,60.30644989013672,55.44021987915039,133.6391143798828,230.80303955078125
2020-03-13 00:00:00+00:00,67.53167724609375,60.56353759765625,152.63845825195312,250.53353881835938
2020-03-16 00:00:00+00:00,58.84391784667969,53.51748275756836,130.14100646972656,223.11920166015625
2020-03-17 00:00:00+00:00,61.43129348754883,55.764915466308594,140.8563690185547,235.16590881347656
2020-03-18 00:00:00+00:00,59.927452087402344,54.42473602294922,134.92689514160156,223.25875854492188
2020-03-19 00:00:00+00:00,59.468292236328125,55.446205139160156,137.14683532714844,223.73318481445312
2020-03-20 00:00:00+00:00,55.692901611328125,53.27857208251953,131.99581909179688,214.09156799316406
2020-03-23 00:00:00+00:00,54.50975799560547,52.57631301879883,130.67919921875,208.61761474609375
2020-03-24 00:00:00+00:00,59.978477478027344,56.36094284057617,142.55735778808594,227.5190887451172
2020-03-25 00:00:00+00:00,59.6480598449707,54.9449462890625,141.19271850585938,230.9250946044922
2020-03-26 00:00:00+00:00,62.78693771362305,58.002376556396484,150.02450561523438,244.40872192382812
2020-03-27 00:00:00+00:00,60.18740463256836,55.375877380371094,143.8643798828125,237.12887573242188
2020-03-30 00:00:00+00:00,61.90503692626953,57.173927307128906,153.98387145996094,244.82977294921875
2020-03-31 00:00:00+00:00,61.7786979675293,57.95399856567383,151.5621337890625,241.18052673339844
2020-04-01 00:00:00+00:00,58.528079986572266,54.96888732910156,146.18040466308594,230.32626342773438
2020-04-02 00:00:00+00:00,59.50471496582031,55.71354675292969,149.20762634277344,235.64108276367188
2020-04-03 00:00:00+00:00,58.64955139160156,54.50004577636719,147.83335876464844,232.23509216308594
2020-04-06 00:00:00+00:00,63.76599884033203,59.01337432861328,158.82740783691406,247.83346557617188
2020-04-07 00:00:00+00:00,63.027442932128906,58.98194885253906,157.1168212890625,248.08612060546875
2020-04-08 00:00:00+00:00,64.6406021118164,60.200931549072266,158.69284057617188,256.4139709472656
2020-04-09 00:00:00+00:00,65.1070556640625,60.179481506347656,158.70249938964844,260.31591796875
2020-04-13 00:00:00+00:00,66.38495635986328,60.37101364135742,159.05804443359375,257.9391784667969
2020-04-14 00:00:00+00:00,69.73760986328125,63.10524368286133,166.9287872314453,265.54656982421875
2020-04-15 00:00:00+00:00,69.10108947753906,62.709720611572266,165.1797332763672,259.9041748046875
2020-04-16 00:00:00+00:00,69.650146484375,62.71620178222656,170.13856506347656,261.157958984375
2020-04-17 00:00:00+00:00,68.705078125,63.79204177856445,171.63778686523438,268.2132873535156
2020-04-20 00:00:00+00:00,67.27898406982422,62.9017448425293,168.2357635498047,263.4879455566406
2020-04-21 00:00:00+00:00,65.19937896728516,60.45829391479492,161.27801513671875,255.48760986328125
2020-04-22 00:00:00+00:00,67.07734680175781,62.76508331298828,166.75582885742188,261.157958984375
2020-04-23 00:00:00+00:00,66.81739807128906,63.40150833129883,164.73765563964844,261.1392822265625
2020-04-24 00:00:00+00:00,68.74639129638672,63.67233657836914,167.7456817626953,264.779296875
2020-04-27 00:00:00+00:00,68.79497528076172,63.386043548583984,167.26516723632812,268.5968933105469
2020-04-28 00:00:00+00:00,67.67986297607422,61.477272033691406,163.19041442871094,267.36187744140625
2020-04-29 00:00:00+00:00,69.90283203125,66.9432373046875,170.5133819580078,274.3609619140625
2020-04-30 00:00:00+00:00,71.37747955322266,67.1686782836914,172.22398376464844,271.8064270019531
2020-05-01 00:00:00+00:00,70.22835540771484,65.70330810546875,167.76487731933594,264.6108703613281
2020-05-04 00:00:00+00:00,71.22200012207031,65.98161315917969,171.868408203125,265.3406677246094
2020-05-05 00:00:00+00:00,72.29096984863281,67.28439331054688,173.71356201171875,267.792236328125
2020-05-06 00:00:00+00:00,73.03682708740234,67.10533905029297,175.42416381835938,265.9770202636719
2020-05-07 00:00:00+00:00,73.7923583984375,68.29489135742188,176.44287109375,269.18646240234375
2020-05-08 00:00:00+00:00,75.54876708984375,69.04603576660156,177.4807586669922,273.6405029296875
2020-05-11 00:00:00+00:00,76.73753356933594,70.00614929199219,179.46047973632812,273.6966247558594
2020-05-12 00:00:00+00:00,75.86055755615234,68.58916473388672,175.3953399658203,268.2414245605469
2020-05-13 00:00:00+00:00,74.94461059570312,67.24996948242188,172.742919921875,263.49737548828125
2020-05-14 00:00:00+00:00,75.405029296875,67.67542266845703,173.49252319335938,266.65069580078125
2020-05-15 00:00:00+00:00,74.95923614501953,68.4834213256836,176.02000427246094,267.87646484375
2020-05-18 00:00:00+00:00,76.7253646850586,69.08792877197266,177.7017822265625,276.03594970703125
2020-05-19 00:00:00+00:00,76.28199768066406,68.55025482177734,176.47171020507812,273.2007141113281
2020-05-20 00:00:00+00:00,77.76554107666016,70.28396606445312,178.9195098876953,277.84173583984375
2020-05-21 00:00:00+00:00,77.1857681274414,70.16376495361328,176.7704315185547,275.923583984375
2020-05-22 00:00:00+00:00,77.68272399902344,70.48745727539062,176.84750366210938,276.4476318359375
2020-05-26 00:00:00+00:00,77.15653991699219,70.89295196533203,174.97796630859375,279.8535461425781
2020-05-27 00:00:00+00:00,77.4926986694336,70.83859252929688,175.20925903320312,284.0174865722656
2020-05-28 00:00:00+00:00,77.52681732177734,70.73684692382812,174.81411743164062,283.4935607910156
2020-05-29 00:00:00+00:00,77.4512939453125,71.49895477294922,176.59698486328125,284.75677490234375
2020-06-01 00:00:00+00:00,78.4037857055664,71.56629180908203,176.1922607421875,285.90765380859375
2020-06-02 00:00:00+00:00,78.7667465209961,71.93737030029297,178.1967010498047,288.2750244140625
2020-06-03 00:00:00+00:00,79.20036315917969,71.78475189208984,178.63037109375,292.1114807128906
2020-06-04 00:00:00+00:00,78.5182876586914,70.54032897949219,176.27894592285156,291.34417724609375
2020-06-05 00:00:00+00:00,80.75454711914062,71.82315063476562,180.40354919433594,298.8111572265625
2020-06-08 00:00:00+00:00,81.23201751708984,72.2231674194336,181.52145385742188,302.4230651855469
2020-06-09 00:00:00+00:00,83.79717254638672,72.4246597290039,182.9091796875,300.1680603027344
2020-06-10 00:00:00+00:00,85.95306396484375,73.05410766601562,189.6935577392578,298.4930725097656
2020-06-11 00:00:00+00:00,81.82640075683594,69.92186737060547,179.50733947753906,281.28521728515625
2020-06-12 00:00:00+00:00,82.5328598022461,70.47150421142578,180.9239959716797,284.6538391113281
2020-06-15 00:00:00+00:00,83.55357360839844,70.86153411865234,182.0803680419922,287.311279296875
2020-06-16 00:00:00+00:00,85.76791381835938,72.14485931396484,186.54226684570312,292.84136962890625
2020-06-17 00:00:00+00:00,85.64852142333984,72.44760131835938,187.18795776367188,291.6249084472656
2020-06-18 00:00:00+00:00,85.68267822265625,71.52888488769531,189.19247436523438,291.7372131347656
2020-06-19 00:00:00+00:00,85.19300842285156,71.05606079101562,188.06495666503906,290.0699157714844
2020-06-22 00:00:00+00:00,87.42198181152344,72.35383605957031,193.2881622314453,291.93072509765625
2020-06-23 00:00:00+00:00,89.28799438476562,73.0181884765625,194.5795440673828,293.2747497558594
2020-06-24 00:00:00+00:00,87.71188354492188,71.45806121826172,190.6572723388672,285.793701171875
2020-06-25 00:00:00+00:00,88.87629699707031,71.87702178955078,193.0664825439453,288.85760498046875
2020-06-26 00:00:00+00:00,86.14550018310547,67.9587173461914,189.20211791992188,281.99676513671875
2020-06-29 00:00:00+00:00,88.13086700439453,69.68594360351562,191.2355194091797,286.1414489746094
2020-06-30 00:00:00+00:00,88.8665542602539,70.72736358642578,196.1213836669922,289.8067626953125
2020-07-01 00:00:00+00:00,88.6984634399414,71.92190551757812,197.2682342529297,291.8367919921875
2020-07-02 00:00:00+00:00,88.6984634399414,73.3149642944336,198.77157592773438,293.4440002441406
2020-07-06 00:00:00+00:00,91.0711669921875,74.79728698730469,203.05039978027344,297.973876953125
2020-07-07 00:00:00+00:00,90.78858947753906,74.3119888305664,200.68930053710938,294.90069580078125
2020-07-08 00:00:00+00:00,92.90306854248047,74.99430847167969,205.10304260253906,297.1562805175781
2020-07-09 00:00:00+00:00,93.30257415771484,75.74543762207031,206.53897094726562,295.464599609375
2020-07-10 00:00:00+00:00,93.46578979492188,76.76042938232422,205.9125518798828,298.48138427734375
2020-07-13 00:00:00+00:00,93.03461456298828,75.42474365234375,199.5521697998047,295.8968811035156
2020-07-14 00:00:00+00:00,94.57420349121094,75.85517120361328,200.78570556640625,299.7314147949219
2020-07-15 00:00:00+00:00,95.22459411621094,75.65666198730469,200.4869384765625,302.4851379394531
2020-07-16 00:00:00+00:00,94.05287170410156,75.55890655517578,196.51649475097656,301.4889831542969
2020-07-17 00:00:00+00:00,93.86286163330078,75.65516662597656,195.5142822265625,302.3630065917969
2020-07-20 00:00:00+00:00,95.84091186523438,77.99886322021484,203.917724609375,304.8065490722656
2020-07-21 00:00:00+00:00,94.51813507080078,77.60384368896484,201.17117309570312,305.4550476074219
2020-07-22 00:00:00+00:00,94.78367614746094,78.04923248291016,204.062255859375,307.1936950683594
2020-07-23 00:00:00+00:00,90.46947479248047,75.65017700195312,195.1866455078125,303.5283203125
2020-07-24 00:00:00+00:00,90.24534606933594,75.22423553466797,193.9916534423828,301.573486328125
2020-07-27 00:00:00+00:00,92.38419342041016,76.28260803222656,196.44908142089844,303.7727355957031
2020-07-28 00:00:00+00:00,90.8665542602539,74.99679565429688,194.685546875,301.8460998535156
2020-07-29 00:00:00+00:00,92.60829162597656,75.98734283447266,196.65142822265625,305.558349609375
2020-07-30 00:00:00+00:00,93.72886657714844,76.72850799560547,196.49725341796875,304.4681396484375
2020-07-31 00:00:00+00:00,103.5412368774414,74.21372985839844,197.56698608398438,306.8740539550781
2020-08-03 00:00:00+00:00,106.15023803710938,73.95487213134766,208.67835998535156,309.007568359375
2020-08-04 00:00:00+00:00,106.85910034179688,73.48303985595703,205.54632568359375,310.2010803222656
2020-08-05 00:00:00+00:00,107.24642944335938,73.7718276977539,205.2090606689453,312.12774658203125
2020-08-06 00:00:00+00:00,110.98818969726562,75.06163024902344,208.49525451660156,314.2142333984375
2020-08-07 00:00:00+00:00,108.46477508544922,74.73345184326172,204.7657470703125,314.4398193359375
2020-08-10 00:00:00+00:00,110.04129028320312,74.65614318847656,200.68930053710938,315.3796081542969
2020-08-11 00:00:00+00:00,106.76869201660156,73.84415435791016,195.99615478515625,312.77630615234375
2020-08-12 00:00:00+00:00,110.31707763671875,75.17584991455078,201.59521484375,317.1371154785156
2020-08-13 00:00:00+00:00,112.26939392089844,75.64518737792969,201.12298583984375,316.5638427734375
2020-08-14 00:00:00+00:00,112.16934967041016,75.0456771850586,201.3157196044922,316.5732421875
2020-08-17 00:00:00+00:00,111.87650299072266,75.62474060058594,202.6456298828125,317.57879638671875
2020-08-18 00:00:00+00:00,112.8087387084961,77.59686279296875,203.8116912841797,318.2649230957031
2020-08-19 00:00:00+00:00,112.95028686523438,77.03974151611328,202.57518005371094,316.93975830078125
2020-08-20 00:00:00+00:00,115.45660400390625,78.61782836914062,207.28941345214844,317.92657470703125
2020-08-21 00:00:00+00:00,121.40636444091797,78.58391571044922,205.78237915039062,319.0543518066406
2020-08-24 00:00:00+00:00,122.85841369628906,79.06172943115234,206.42962646484375,322.2874450683594
2020-08-25 00:00:00+00:00,121.85052490234375,80.09417724609375,209.1151885986328,323.41522216796875
2020-08-26 00:00:00+00:00,123.5075912475586,82.0034408569336,213.6361541748047,326.6576232910156
2020-08-27 00:00:00+00:00,122.03111267089844,81.2248764038086,218.8816680908203,327.3719177246094
2020-08-28 00:00:00+00:00,121.83345031738281,81.7690200805664,221.13253784179688,329.4864807128906
2020-08-31 00:00:00+00:00,125.9650650024414,81.27525329589844,217.86732482910156,328.2928771972656
2020-09-01 00:00:00+00:00,130.98257446289062,82.54959106445312,219.54823303222656,331.385009765625
2020-09-02 00:00:00+00:00,128.26882934570312,85.65739440917969,223.77943420410156,336.1781005859375
2020-09-03 00:00:00+00:00,117.99954223632812,81.27425384521484,209.9169464111328,324.6087951660156
2020-09-04 00:00:00+00:00,118.07762908935547,78.86521911621094,206.97059631347656,321.9584045410156
2020-09-08 00:00:00+00:00,110.13159942626953,75.99182891845703,195.77438354492188,313.16162109375
2020-09-09 00:00:00+00:00,114.52436065673828,77.17041778564453,204.1112060546875,319.3457336425781
2020-09-10 00:00:00+00:00,110.78562927246094,76.11402893066406,198.39231872558594,313.80072021484375
2020-09-11 00:00:00+00:00,109.33112335205078,75.60079956054688,197.09783935546875,313.9604797363281
2020-09-14 00:00:00+00:00,112.61107635498047,75.2551498413086,198.4309539794922,318.095703125
2020-09-15 00:00:00+00:00,112.78678894042969,76.56640625,201.6864471435547,319.702880859375
2020-09-16 00:00:00+00:00,109.45803833007812,75.41775512695312,198.0831756591797,318.4340515136719
2020-09-17 00:00:00+00:00,107.71068572998047,74.16834259033203,196.0159149169922,315.6334228515625
2020-09-18 00:00:00+00:00,104.29409790039062,72.37528228759766,193.58152770996094,311.9995422363281
2020-09-21 00:00:00+00:00,107.45689392089844,71.33038330078125,195.658447265625,308.5271301269531
2020-09-22 00:00:00+00:00,109.14566040039062,72.81070709228516,200.37265014648438,311.6693115234375
2020-09-23 00:00:00+00:00,104.56742858886719,70.2954330444336,193.7747344970703,304.44134521484375
2020-09-24 00:00:00+00:00,105.64119720458984,70.96726989746094,196.286376953125,305.2528991699219
2020-09-25 00:00:00+00:00,109.6044692993164,71.7752685546875,200.75906372070312,310.1878662109375
2020-09-28 00:00:00+00:00,112.22059631347656,72.75284576416016,202.3240509033203,315.3399353027344
2020-09-29 00:00:00+00:00,111.371337890625,73.11994934082031,200.2180938720703,313.6225891113281
2020-09-30 00:00:00+00:00,113.05033111572266,73.09899139404297,203.18377685546875,316.00042724609375
2020-10-01 00:00:00+00:00,114.00699615478516,74.21124267578125,205.2414093017578,318.0291442871094
2020-10-02 00:00:00+00:00,110.32682800292969,72.60022735595703,199.18443298339844,315.0096740722656
2020-10-05 00:00:00+00:00,113.72392272949219,73.9583740234375,203.2321014404297,320.5956726074219
2020-10-06 00:00:00+00:00,110.46350860595703,72.3718032836914,198.9139862060547,316.0381774902344
2020-10-07 00:00:00+00:00,112.33773040771484,72.77679443359375,202.7007598876953,321.5393981933594
2020-10-08 00:00:00+00:00,112.23036193847656,73.98829650878906,203.42527770996094,324.3890075683594
2020-10-09 00:00:00+00:00,114.18272399902344,75.33595275878906,208.4775848388672,327.2857971191406
2020-10-12 00:00:00+00:00,121.43565368652344,78.03626251220703,213.87767028808594,332.5510559082031
2020-10-13 00:00:00+00:00,118.21430206298828,78.15996551513672,215.2880401611328,330.38079833984375
2020-10-14 00:00:00+00:00,118.30215454101562,77.9789047241211,213.3560333251953,328.3049011230469
2020-10-15 00:00:00+00:00,117.83358764648438,77.5813980102539,212.19679260253906,327.899169921875
2020-10-16 00:00:00+00:00,116.18387603759766,78.19139099121094,212.19679260253906,327.70098876953125
2020-10-19 00:00:00+00:00,113.21630096435547,76.30854797363281,206.94161987304688,322.7188415527344
2020-10-20 00:00:00+00:00,114.70985412597656,77.36244201660156,207.3570098876953,324.01153564453125
2020-10-21 00:00:00+00:00,114.0850830078125,79.10363006591797,207.5019073486328,323.39825439453125
2020-10-22 00:00:00+00:00,112.99177551269531,80.13457489013672,207.5888671875,325.17218017578125
2020-10-23 00:00:00+00:00,112.29869842529297,81.44732666015625,208.8833465576172,326.2762451171875
2020-10-26 00:00:00+00:00,112.3084716796875,79.01883697509766,202.94227600097656,320.24664306640625
2020-10-27 00:00:00+00:00,113.82151794433594,79.74653625488281,206.00457763671875,319.142578125
2020-10-28 00:00:00+00:00,108.55018615722656,75.3534164428711,195.79371643066406,308.234619140625
2020-10-29 00:00:00+00:00,112.57200622558594,77.65171813964844,197.764404296875,311.3673400878906
2020-10-30 00:00:00+00:00,106.2659683227539,80.60590362548828,195.59085083007812,308.1214599609375
2020-11-02 00:00:00+00:00,106.17811584472656,81.01539611816406,195.4556121826172,311.5750732421875
2020-11-03 00:00:00+00:00,107.80830383300781,82.07975006103516,199.4163055419922,317.0761413574219
2020-11-04 00:00:00+00:00,112.21085357666016,87.07688903808594,209.0378875732422,324.1625671386719
2020-11-05 00:00:00+00:00,116.19361877441406,87.90733337402344,215.70346069335938,330.4846496582031
2020-11-06 00:00:00+00:00,116.06160736083984,87.76917266845703,216.1188507080078,330.4091491699219
2020-11-09 00:00:00+00:00,113.74408721923828,87.85346221923828,210.96995544433594,334.56097412109375
2020-11-10 00:00:00+00:00,113.40184020996094,86.67139434814453,203.84068298339844,334.0703125
2020-11-11 00:00:00+00:00,116.84390258789062,87.14571380615234,209.19247436523438,336.5519104003906
2020-11-12 00:00:00+00:00,116.57008361816406,86.92575073242188,208.1201934814453,333.2871398925781
2020-11-13 00:00:00+00:00,116.61897277832031,88.39411926269531,209.15380859375,337.9012756347656
2020-11-16 00:00:00+00:00,117.63595581054688,88.48240661621094,209.8493194580078,342.119140625
2020-11-17 00:00:00+00:00,116.74610137939453,87.86543273925781,207.17349243164062,340.27911376953125
2020-11-18 00:00:00+00:00,115.41621398925781,86.81702423095703,204.44216918945312,336.18389892578125
2020-11-19 00:00:00+00:00,116.01271057128906,87.71131134033203,205.7400360107422,337.59930419921875
2020-11-20 00:00:00+00:00,114.74149322509766,86.60455322265625,203.7738494873047,335.28753662109375
2020-11-23 00:00:00+00:00,111.32878112792969,86.16464233398438,203.50267028808594,337.2973327636719
2020-11-24 00:00:00+00:00,112.61954498291016,87.97715759277344,207.13470458984375,342.73248291015625
2020-11-25 00:00:00+00:00,113.46051788330078,87.9886245727539,207.14442443847656,342.2041015625
2020-11-27 00:00:00+00:00,114.00810241699219,89.13029479980469,208.46160888671875,343.15716552734375
2020-11-30 00:00:00+00:00,116.41365051269531,87.50332641601562,207.338134765625,341.637939453125
2020-12-01 00:00:00+00:00,120.00236511230469,89.54627227783203,209.41078186035156,345.3745422363281
2020-12-02 00:00:00+00:00,120.35438537597656,91.02310943603516,208.5972137451172,346.1011047363281
2020-12-03 00:00:00+00:00,120.21752166748047,90.86700439453125,207.50277709960938,346.0068359375
2020-12-04 00:00:00+00:00,119.54276275634766,90.96276092529297,207.6190185546875,348.988525390625
2020-12-07 00:00:00+00:00,121.00953674316406,90.6270980834961,207.55120849609375,348.2713623046875
2020-12-08 00:00:00+00:00,121.62560272216797,90.3427963256836,209.21710205078125,349.2904968261719
2020-12-09 00:00:00+00:00,119.08318328857422,88.67342376708984,205.13954162597656,346.15771484375
2020-12-10 00:00:00+00:00,120.51084899902344,88.16419219970703,203.89974975585938,346.0445861816406
2020-12-11 00:00:00+00:00,119.69923400878906,88.52080535888672,206.55361938476562,345.6387939453125
2020-12-14 00:00:00+00:00,119.08318328857422,87.3965835571289,207.46405029296875,344.0912780761719
2020-12-15 00:00:00+00:00,125.048095703125,87.83650207519531,207.39622497558594,348.74310302734375
2020-12-16 00:00:00+00:00,124.9796371459961,87.6424789428711,212.38426208496094,349.2904968261719
2020-12-17 00:00:00+00:00,125.84993743896484,86.81053924560547,212.51991271972656,351.2436828613281
2020-12-18 00:00:00+00:00,123.85511016845703,86.0978012084961,211.71597290039062,349.8411560058594
2020-12-21 00:00:00+00:00,125.39034271240234,86.5137710571289,215.59019470214844,348.59033203125
2020-12-22 00:00:00+00:00,128.9595184326172,85.79854583740234,216.89776611328125,348.00286865234375
2020-12-23 00:00:00+00:00,128.0598907470703,86.19805908203125,214.06954956054688,348.3155212402344
2020-12-24 00:00:00+00:00,129.04750061035156,86.49382019042969,215.7451629638672,349.6706848144531
2020-12-28 00:00:00+00:00,133.66302490234375,88.4789047241211,217.88568115234375,352.6745910644531
2020-12-29 00:00:00+00:00,131.88331604003906,87.67091369628906,217.10113525390625,352.0018005371094
2020-12-30 00:00:00+00:00,130.75877380371094,86.59806823730469,214.7088165283203,352.5040283203125
2020-12-31 00:00:00+00:00,129.75155639648438,87.4155502319336,215.425537109375,354.2950134277344
